id,data
1248,40
3357,40
1917,40
1923,40
1499,40
3509,40
1160,40
3429,40
2857,40
1615,40
3279,40
3062,40
3421,40
2029,40
3403,40
1545,40
3849,39
1356,39
2354,39
3698,39
1144,39
3607,39
3210,39
1355,39
3040,39
2277,39
2016,39
3177,39
2751,39
2364,39
1548,39
1419,39
1662,39
1325,39
3599,39
2930,39
3657,39
2804,38
3743,38
2758,38
1351,38
1334,38
1683,38
2387,38
2885,38
3053,38
3888,38
2904,38
2980,38
1346,37
2577,37
2553,37
3626,37
2324,37
2883,37
1116,37
1930,37
1630,37
1622,37
1486,37
3512,37
3851,37
2008,37
3867,37
3603,36
2788,36
2451,36
2180,36
1440,36
1315,36
3167,36
2979,36
1751,36
3845,36
2481,36
2234,36
3531,35
1900,35
1994,35
1412,35
2737,35
2231,35
1338,35
3840,35
1330,35
1618,35
3959,35
3913,35
3119,34
1196,34
1612,34
3315,34
1894,34
3233,34
2337,34
1171,34
3786,34
1879,34
2745,34
3631,34
1778,34
3123,34
1800,34
2718,33
1276,33
3573,33
3029,33
3970,33
1294,33
3475,33
3931,33
2388,33
1479,33
1640,33
2213,33
3719,33
3679,33
2933,33
2198,33
1651,33
3724,33
3214,33
2678,32
1389,32
2405,32
1625,32
1363,32
3225,32
1157,32
1450,32
3975,32
2000,32
1678,32
2708,32
3755,32
2113,32
3424,32
1115,32
3905,32
3190,32
3713,32
2131,31
2619,31
2279,31
1197,31
3933,31
2095,31
2576,31
3927,31
3710,31
3885,31
2249,31
3954,31
3328,31
1711,31
1709,31
1868,31
1272,31
1303,30
1481,30
1379,30
2044,30
3295,30
1036,30
2533,30
1203,30
3461,30
3504,30
2742,30
1380,29
2109,29
3583,29
1984,29
2074,29
2539,29
2528,29
3294,29
2507,29
3623,29
3528,29
2444,29
2863,29
3342,29
3434,29
3544,28
3948,28
3399,28
3194,28
1591,28
1028,28
2341,28
1771,28
1444,28
2624,28
3367,28
3808,28
1067,28
2181,28
2868,28
2689,28
3816,28
2645,28
3747,28
3591,27
2727,27
2062,27
1297,27
1806,27
1426,27
1046,27
3462,27
3020,27
3523,27
3960,27
1757,27
2361,27
1086,26
3452,26
1863,26
3986,26
3882,26
2880,26
2726,26
1878,26
2313,26
2402,26
1425,26
1223,26
3387,25
2749,25
2805,25
3604,25
2822,25
2340,25
3436,25
1089,25
1182,25
1988,25
1934,25
2381,25
2812,24
3308,24
1891,24
2368,24
2607,24
3105,24
2978,24
2973,24
3519,24
1430,24
2931,24
2176,24
2781,24
3602,24
3397,23
3696,23
1109,23
2185,23
2739,23
3856,23
2855,23
2156,23
3800,23
2099,23
2760,22
3689,22
2442,22
1647,22
3250,22
3268,22
1669,22
1000,22
3200,22
1959,22
2177,22
3541,22
1985,22
3497,22
2582,21
2799,21
1904,21
1642,21
3688,21
3574,21
2265,21
1789,21
3140,21
1585,21
3482,20
1745,20
2060,20
2989,20
1843,20
2968,20
3080,20
3527,20
2832,20
1698,20
3261,20
1216,20
2390,20
3758,20
2124,20
3971,20
3667,15
1518,15
2547,15
1833,15
1521,15
1834,15
1835,15
3044,15
1837,15
3044,15
2282,15
2569,15
1117,15
3441,15
2272,15
2300,15
3085,15
2544,15
2579,15
1085,15
3400,15
1794,15
1796,15
2317,15
1543,15
3108,15
2534,15
3892,15
3409,15
2538,15
1808,15
1811,15
1813,15
2302,15
3450,15
3022,15
1083,15
3853,15
3488,15
1884,15
2592,15
3844,15
2248,15
2600,15
3505,15
2988,15
1150,15
1151,15
3510,15
1458,15
2610,15
3834,15
1161,15
1882,15
1478,15
3454,15
3855,15
3021,15
2266,15
3865,15
3862,15
3859,15
3019,15
3463,15
1861,15
1867,15
3012,15
2581,15
3474,15
2258,15
1133,15
2257,15
3908,15
1555,15
2513,15
3980,15
1026,15
3230,15
3301,15
3215,15
2367,15
3304,15
2413,15
2470,15
3213,15
1034,15
2357,15
2486,15
2488,15
1049,15
1719,15
1694,15
1016,15
3912,15
3293,15
3259,15
2432,15
3255,15
3274,15
1007,15
2400,15
1009,15
1682,15
1652,15
2398,15
3287,15
2440,15
3288,15
2393,15
3235,15
2490,15
1613,15
3943,15
2348,15
3924,15
1579,15
3355,15
1759,15
3364,15
1762,15
1573,15
3921,15
3155,15
1569,15
3382,15
2326,15
2511,15
3394,15
2971,15
2333,15
1069,15
2336,15
3192,15
3323,15
1054,15
1730,15
1731,15
1604,15
1735,15
1056,15
1065,15
3334,15
3337,15
1593,15
1748,15
3340,15
3345,15
3829,15
3633,15
1451,15
1398,15
1262,15
3578,15
2179,15
2828,15
2889,15
2757,15
3262,15
3798,15
1968,15
2901,15
2902,15
1194,15
3799,15
2101,15
3697,15
2046,15
3694,15
3553,15
1408,15
2049,15
1323,15
1322,15
2178,15
1386,15
1258,15
1983,15
3744,15
3757,15
1234,15
1232,15
2717,15
2849,15
3596,15
3594,15
3615,15
2847,15
2158,15
1350,15
3589,15
2840,15
2614,15
3734,15
1996,15
2835,15
2118,15
1343,15
3781,15
3693,15
1274,15
2212,15
2649,15
2797,15
2800,15
2088,15
1429,15
2069,15
1180,15
1921,15
2644,15
3814,15
1433,15
2927,15
2795,15
2071,15
2089,15
2633,15
3676,15
1174,15
1925,15
1922,15
2618,15
2621,15
1285,15
1910,15
2808,15
2058,15
1944,15
2192,15
3807,15
1281,15
2661,15
2204,15
3539,15
2641,15
2766,15
1424,15
2786,14
2497,14
3193,14
2729,14
1671,14
2338,14
2078,14
2126,14
3182,14
2079,14
2407,14
1746,14
2424,14
2730,14
1750,14
2498,14
2448,14
2345,14
2072,14
1695,14
2468,14
2048,14
2853,14
2764,14
2823,14
2360,14
2483,14
1691,14
1689,14
2092,14
2824,14
3209,14
2039,14
2104,14
3206,14
2780,14
3202,14
1724,14
2746,14
2834,14
2494,14
2026,14
2141,14
3136,14
1753,14
3174,14
1860,14
2942,14
2669,14
2191,14
2188,14
2925,14
3031,14
3039,14
2921,14
2919,14
1952,14
2916,14
1838,14
2915,14
2559,14
2294,14
1955,14
1862,14
2263,14
2262,14
2595,14
2233,14
2616,14
2228,14
1916,14
2606,14
2629,14
2955,14
1896,14
2208,14
2992,14
1887,14
1926,14
2253,14
2787,14
1871,14
1933,14
1957,14
1958,14
2677,14
3146,14
3124,14
3126,14
3138,14
2323,14
2704,14
1772,14
2510,14
3147,14
2163,14
2710,14
3149,14
2152,14
2149,14
2146,14
2331,14
2720,14
1995,14
2875,14
2297,14
3098,14
3087,14
2681,14
1970,14
3090,14
1972,14
2182,14
1805,14
3106,14
2693,14
2524,14
1797,14
2174,14
2684,14
2522,14
2171,14
2685,14
2998,14
2412,14
1335,14
3402,14
1542,14
3406,14
1170,14
3821,14
1533,14
1402,14
1185,14
1187,14
3809,14
1204,14
1211,14
1214,14
3778,14
1224,14
3435,14
1513,14
1512,14
1163,14
3831,14
1507,14
3401,14
3879,14
3875,14
3872,14
3869,14
3866,14
3376,14
3380,14
1138,14
3386,14
1561,14
1148,14
1559,14
3390,14
1553,14
1551,14
1550,14
1152,14
1509,14
1249,14
3343,14
3515,14
1448,14
1339,14
1341,14
3625,14
1360,14
3600,14
3592,14
1427,14
1422,14
3586,14
3582,14
1421,14
1383,14
1417,14
3543,14
3547,14
3576,14
3518,14
1455,14
3728,14
1462,14
1256,14
3721,14
3470,14
3471,14
3473,14
1283,14
1300,14
1302,14
3666,14
1480,14
1306,14
1475,14
3495,14
1471,14
3649,14
1466,14
3643,14
3346,14
1400,14
3306,14
1004,14
3984,14
3932,14
1055,14
1047,14
3992,14
3331,14
3990,14
1088,14
1605,14
3906,14
1601,14
1639,14
3329,14
1077,14
3284,14
1092,14
3273,14
3275,14
3299,14
3918,14
3974,14
1631,14
3969,14
1039,14
3292,14
1015,14
1061,14
1663,14
1100,14
1099,14
1076,14
3291,14
1634,14
1082,14
2059,13
2456,13
2806,13
1321,13
2052,13
3651,13
1027,13
1327,13
2382,13
1329,13
1331,13
2378,13
3662,13
3652,13
2067,13
2754,13
3964,13
2370,13
1265,13
2466,13
2765,13
3678,13
2090,13
2463,13
2373,13
2077,13
2794,13
2460,13
2826,13
3656,13
1311,13
3655,13
1667,13
2833,13
2384,13
2887,13
3989,13
1990,13
1987,13
2877,13
2403,13
1387,13
3996,13
2408,13
2890,13
1376,13
2894,13
2414,13
1969,13
3572,13
2895,13
2896,13
3570,13
1399,13
2872,13
1375,13
3629,13
2025,13
2829,13
2443,13
2034,13
2830,13
2030,13
1038,13
2438,13
1342,13
2437,13
2858,13
2022,13
2837,13
2839,13
2845,13
2015,13
2006,13
3608,13
2435,13
2108,13
1105,13
3723,13
3922,13
2243,13
2605,13
2240,13
1078,13
2238,13
2609,13
2612,13
2327,13
1073,13
1167,13
2596,13
3925,13
2502,13
3825,13
2219,13
2218,13
2639,13
3930,13
1176,13
1181,13
2601,13
1147,13
2748,13
1118,13
2295,13
2293,13
2548,13
2552,13
1103,13
1110,13
2561,13
3877,13
2562,13
2532,13
3841,13
3904,13
3861,13
2264,13
2580,13
2260,13
2523,13
3857,13
1134,13
2316,13
3810,13
1184,13
2339,13
1235,13
2154,13
3770,13
2487,13
3768,13
3949,13
1042,13
2151,13
1229,13
3764,13
1238,13
2657,13
3753,13
2136,13
2133,13
1104,13
3735,13
2122,13
2119,13
3727,13
2116,13
1225,13
3945,13
2157,13
2352,13
2659,13
3935,13
2501,13
3804,13
1193,13
2676,13
1200,13
3941,13
3795,13
1206,13
3787,13
3783,13
2495,13
2691,13
2692,13
3942,13
2698,13
1221,13
2162,13
2654,13
1666,13
2994,13
3352,13
1774,13
3143,13
3480,13
3009,13
3003,13
1763,13
3366,13
3000,13
3485,13
1880,13
3161,13
1881,13
3359,13
1580,13
2993,13
1490,13
1584,13
1892,13
1592,13
3180,13
1598,13
3187,13
2984,13
1603,13
1903,13
1606,13
3199,13
1728,13
2964,13
2962,13
1866,13
3393,13
1725,13
3038,13
3075,13
3564,13
3078,13
1828,13
1525,13
3426,13
1523,13
1522,13
1529,13
1530,13
3049,13
3047,13
3093,13
3438,13
1536,13
3465,13
1848,13
1851,13
1852,13
1540,13
3032,13
1795,13
3444,13
3118,13
3448,13
1790,13
1500,13
3457,13
1495,13
3122,13
3201,13
3072,13
3285,13
3298,13
2922,13
1677,13
1686,13
3219,13
1676,13
1626,13
3252,13
3290,13
2948,13
2936,13
3526,13
1435,13
3303,13
3307,13
1936,13
1441,13
3296,13
1918,13
3203,13
2906,13
3313,13
1716,13
3311,13
3267,13
1927,13
1439,13
1713,13
3826,12
1169,12
3983,12
3981,12
2226,12
1013,12
1166,12
1544,12
3838,12
3972,12
1023,12
3115,12
3833,12
1156,12
3242,12
2453,12
1791,12
2457,12
2459,12
2376,12
2375,12
3125,12
1801,12
1614,12
2221,12
1538,12
3073,12
3264,12
2673,12
3272,12
2672,12
3995,12
2193,12
1673,12
3082,12
2668,12
2427,12
2196,12
3423,12
1186,12
1815,12
3991,12
2433,12
3088,12
3420,12
3249,12
1681,12
3813,12
1807,12
3415,12
1560,12
1649,12
2638,12
2217,12
3104,12
3127,12
3852,12
3141,12
3335,12
2286,12
2556,12
2554,12
3171,12
1712,12
3175,12
3880,12
2351,12
3944,12
2296,12
3179,12
3211,12
1053,12
1594,12
2535,12
1142,12
3901,12
3181,12
2312,12
1620,12
1090,12
3189,12
1738,12
3330,12
2521,12
1080,12
2325,12
1058,12
1608,12
2506,12
3071,12
3353,12
2284,12
1621,12
2250,12
3848,12
2584,12
1063,12
3963,12
1131,12
3383,12
3961,12
1568,12
2480,12
1129,12
3151,12
3153,12
1123,12
1765,12
3370,12
1037,12
2575,12
2572,12
2273,12
3305,12
2567,12
2563,12
3160,12
2278,12
3876,12
2280,12
3950,12
3212,12
3567,12
1198,12
1470,12
3506,12
1318,12
2057,12
2056,12
3498,12
2990,12
3502,12
2816,12
3641,12
2956,12
2818,12
2045,12
3635,12
1461,12
2038,12
3511,12
1906,12
2061,12
3650,12
1889,12
3654,12
3695,12
3684,12
1289,12
2094,12
1290,12
1298,12
2085,12
1301,12
2082,12
1305,12
1883,12
3661,12
3493,12
2068,12
1888,12
3520,12
1446,12
3706,12
2888,12
2934,12
1940,12
1942,12
3581,12
2879,12
3540,12
2929,12
1391,12
1445,12
1974,12
3549,12
1971,12
1409,12
2898,12
2900,12
1962,12
3538,12
2869,12
1932,12
1374,12
2836,12
2951,12
3620,12
2014,12
2013,12
1352,12
2011,12
3611,12
3609,12
2850,12
1437,12
3601,12
2945,12
3593,12
1998,12
3702,12
1706,12
3712,12
3754,12
1239,12
3468,12
1493,12
3779,12
3729,12
3056,12
2702,12
2125,12
3739,12
1217,12
3741,12
3745,12
2160,12
2135,12
3427,12
3773,12
1245,12
3742,12
1259,12
2114,12
2733,12
3069,12
1215,12
3065,12
2173,12
2147,12
2712,12
1514,12
1841,12
2755,12
1870,12
1826,12
2491,11
3815,11
3221,11
3965,11
3037,11
2474,11
3428,11
3533,11
2944,11
2476,11
2647,11
3418,11
3772,11
2651,11
2707,11
2866,11
2943,11
2656,11
2848,11
3584,11
3226,11
3228,11
2418,11
2420,11
3561,11
3796,11
3560,11
3554,11
3251,11
3550,11
3575,11
2683,11
3077,11
3782,11
3545,11
3577,11
3248,11
3243,11
3806,11
3979,11
3579,11
3054,11
3241,11
2667,11
3238,11
2714,11
3237,11
2876,11
2938,11
2666,11
3231,11
3616,11
3314,11
3309,11
2604,11
2789,11
2790,11
3481,11
3726,11
3137,11
2997,11
2557,11
2838,11
2802,11
3453,11
3350,11
2741,11
3789,11
3837,11
3139,11
2750,11
3002,11
3017,11
3014,11
3671,11
3672,11
3674,11
3871,11
3004,11
2753,11
2776,11
2590,11
3858,11
3682,11
3375,11
2587,11
2546,11
3645,11
2738,11
2725,11
3207,11
2716,11
3204,11
3525,11
3759,11
3408,11
2503,11
3034,11
3628,11
2958,11
2831,11
2508,11
3033,11
3517,11
3198,11
3889,11
3195,11
3632,11
2518,11
2982,11
2820,11
3188,11
3827,11
3828,11
2531,11
2814,11
3900,11
2734,11
2537,11
3890,11
3792,11
3999,11
2209,11
1492,11
1250,11
1739,11
1333,11
1128,11
1736,11
1503,11
1502,11
1583,11
1033,11
1501,11
1243,11
1732,11
2073,11
1586,11
1729,11
1511,11
1489,11
1136,11
1715,11
1816,11
2344,11
1484,11
1817,11
1708,11
1483,11
1482,11
1820,11
1270,11
1240,11
1704,11
2254,11
2087,11
2168,11
1773,11
1566,11
2274,11
1567,11
2281,11
2129,11
1570,11
2127,11
1119,11
1769,11
2288,11
1770,11
1319,11
1556,11
1571,11
2111,11
1107,11
1547,11
1546,11
2105,11
1121,11
1266,11
2267,11
1124,11
2097,11
2142,11
2256,11
1786,11
2310,11
1527,11
2210,11
2043,11
2134,11
2386,11
1087,11
1973,11
2379,11
2380,11
1361,11
2002,11
1975,11
1675,11
1674,11
1627,11
1600,11
1277,11
1886,11
1976,11
1416,11
1201,11
1202,11
1635,11
1413,11
1895,11
1899,11
1901,11
1611,11
1018,11
1359,11
1074,11
1836,11
2032,11
2410,11
1467,11
1271,11
1845,11
1641,11
2012,11
2018,11
1609,11
1854,11
1964,11
1935,11
1370,11
1637,11
1358,11
2395,11
2203,10
3690,10
2723,10
2652,10
2140,10
1659,10
1282,10
1747,10
2207,10
3687,10
2722,10
2201,10
3178,10
3705,10
2660,10
2675,10
3227,10
1098,10
2686,10
3216,10
3164,10
3897,10
1688,10
2703,10
2679,10
3244,10
3245,10
2190,10
2719,10
3196,10
3711,10
1737,10
3902,10
2153,10
3903,10
3881,10
1108,10
2914,10
1664,10
1742,10
2697,10
3001,10
1761,10
1855,10
2862,10
2859,10
3016,10
3836,10
1857,10
3771,10
2844,10
3839,10
3158,10
1853,10
1228,10
1146,10
1842,10
1840,10
3046,10
2040,10
1218,10
1875,10
1999,10
2867,10
1950,10
1943,10
1956,10
1939,10
2935,10
1961,10
2940,10
2949,10
3823,10
2953,10
2969,10
2975,10
2881,10
2873,10
1890,10
1830,10
1231,10
1829,10
2091,10
1792,10
2775,10
1784,10
2769,10
2768,10
2762,10
2761,10
3135,10
1777,10
1776,10
2110,10
2115,10
3733,10
1114,10
2735,10
3116,10
1793,10
3068,10
3112,10
3070,10
1140,10
1821,10
2054,10
1814,10
3854,10
1810,10
3091,10
3094,10
1244,10
1802,10
2791,10
3107,10
1132,10
3111,10
1788,10
1668,10
1648,10
1035,10
2315,10
2318,10
1332,10
3446,10
2517,10
1504,10
2514,10
3630,10
3956,10
1497,10
1494,10
1345,10
3622,10
2343,10
2346,10
2349,10
3433,10
2527,10
3939,10
1044,10
2275,10
2564,10
1564,10
2560,10
1045,10
1554,10
3398,10
1043,10
1532,10
1541,10
1539,10
1324,10
2303,10
3410,10
2536,10
2308,10
3483,10
2489,10
3486,10
3562,10
2449,10
2447,10
2389,10
3551,10
3556,10
3557,10
1405,10
1008,10
2355,10
3566,10
1369,10
1394,10
2421,10
1385,10
2419,10
1372,10
1014,10
1017,10
3529,10
2372,10
3491,10
3492,10
2359,10
1469,10
3499,10
1022,10
1021,10
2475,10
3503,10
3514,10
2469,10
1357,10
1449,10
1447,10
2464,10
3378,10
2910,10
1059,10
2583,10
3675,10
1296,10
3917,10
1619,10
1624,10
3351,10
3333,10
3300,10
2251,10
3336,10
2593,10
3677,10
3928,10
3929,10
2597,10
1629,10
2627,10
2255,10
1589,10
3683,10
3911,10
3914,10
2259,10
2642,10
3317,10
2578,10
3362,10
2261,10
3319,10
1610,10
1643,10
2216,10
3363,10
1685,9
3008,9
3535,9
3011,9
3537,9
3530,9
3780,9
1864,9
1222,9
1839,9
1464,9
1858,9
1679,9
3700,9
3701,9
1457,9
1617,9
1680,9
3005,9
3765,9
1672,9
1623,9
3025,9
3024,9
3023,9
1434,9
3612,9
1575,9
3785,9
1423,9
3801,9
3559,9
1636,9
3563,9
1915,9
3271,9
1291,9
1401,9
3595,9
1279,9
2947,9
1392,9
1937,9
1371,9
1189,9
1382,9
1949,9
2963,9
2967,9
3691,9
2974,9
1877,9
1628,9
2995,9
1365,9
3762,9
2991,9
1366,9
3548,9
1209,9
2986,9
2985,9
3552,9
1208,9
1406,9
3692,9
3763,9
3326,9
1832,9
3133,9
1740,9
1252,9
3191,9
1780,9
1320,9
3134,9
1308,9
1307,9
3412,9
3055,9
3132,9
3131,9
1534,9
1782,9
1783,9
3417,9
3738,9
3664,9
3660,9
1775,9
3647,9
3658,9
3176,9
3172,9
3169,9
3379,9
1257,9
1565,9
3156,9
3184,9
3384,9
3385,9
3154,9
1254,9
1767,9
1316,9
3392,9
3395,9
1253,9
1251,9
1519,9
3278,9
3750,9
3081,9
3479,9
1819,9
1607,9
1696,9
3074,9
1823,9
1241,9
1692,9
1310,9
3487,9
1474,9
3489,9
1690,9
3057,9
3324,9
1293,9
3229,9
1602,9
1587,9
1485,9
1727,9
1721,9
1717,9
3638,9
3344,9
3341,9
3109,9
1505,9
1799,9
3339,9
3102,9
1595,9
3220,9
3627,9
1491,9
3089,9
1702,9
3432,9
3587,9
2356,9
2439,9
2164,9
2441,9
2471,9
3887,9
1057,9
2882,9
3958,9
2211,9
2394,9
2137,9
2036,9
2701,9
3952,9
2358,9
2637,9
2803,9
3896,9
1040,9
2630,9
1102,9
3910,9
1025,9
2724,9
2161,9
3899,9
3955,9
2861,9
3832,9
2545,9
2184,9
2452,9
2550,9
2555,9
2854,9
1997,9
1993,9
1141,9
2871,9
2721,9
2655,9
2773,9
2205,9
2206,9
1113,9
2706,9
2515,9
2782,9
2235,9
2083,9
2366,9
2107,9
2102,9
2239,9
2241,9
2499,9
3997,9
2574,9
1001,9
2342,9
1041,9
1064,9
2598,9
2307,9
2309,9
2911,9
1153,9
2329,9
2429,9
2622,9
2530,9
2842,9
2121,9
2225,9
2350,9
2897,9
3967,9
2227,9
2169,9
2020,9
2229,9
2793,9
3966,9
3868,9
2080,9
2625,9
1714,8
1526,8
2699,8
1726,8
1524,8
2705,8
1722,8
3886,8
1718,8
3818,8
1756,8
1267,8
1760,8
3128,8
3737,8
3864,8
2759,8
3736,8
2106,8
2747,8
3455,8
3731,8
1120,8
1766,8
3870,8
3451,8
3874,8
3445,8
1520,8
3166,8
3168,8
2728,8
2520,8
3636,8
1749,8
3720,8
2525,8
2311,8
3639,8
3716,8
1106,8
2150,8
2709,8
1528,8
3240,8
1531,8
1646,8
2617,8
1572,8
3316,8
2620,8
1616,8
2224,8
3920,8
3919,8
2271,8
1075,8
1632,8
3371,8
3372,8
2632,8
2634,8
2635,8
3680,8
1574,8
3673,8
3923,8
1299,8
3934,8
3936,8
3347,8
2246,8
1588,8
2245,8
1577,8
3338,8
2613,8
3668,8
1068,8
1599,8
1309,8
2268,8
2611,8
2269,8
2214,8
3377,8
3707,8
1650,8
1273,8
1094,8
1687,8
2680,8
2301,8
2543,8
3236,8
2540,8
3642,8
1697,8
2305,8
3640,8
1701,8
3224,8
3223,8
3704,8
3416,8
2913,8
2194,8
2195,8
1656,8
3685,8
2566,8
3381,8
2283,8
2285,8
1563,8
1284,8
3269,8
2197,8
3391,8
1280,8
2200,8
1670,8
2664,8
1275,8
1552,8
1031,8
3863,8
1438,8
1420,8
3978,8
2377,8
3532,8
1362,8
2860,8
2383,8
2864,8
2999,8
1885,8
2369,8
2996,8
2870,8
1162,8
2446,8
1898,8
2987,8
1989,8
2445,8
3775,8
2004,8
2007,8
1856,8
3516,8
2467,8
3766,8
3041,8
1844,8
2465,8
1847,8
3036,8
3522,8
1849,8
3606,8
3030,8
1442,8
2017,8
2846,8
1154,8
2009,8
2878,8
1982,8
3546,8
3802,8
1192,8
3568,8
2937,8
2903,8
1003,8
2907,8
2422,8
1183,8
1388,8
3812,8
2923,8
3580,8
1384,8
1178,8
3817,8
1377,8
1954,8
1965,8
1928,8
3790,8
2946,8
2976,8
3791,8
1911,8
1164,8
2966,8
2886,8
3988,8
3558,8
2434,8
1977,8
1199,8
2957,8
1168,8
1010,8
2954,8
2431,8
1368,8
2028,8
2252,8
3751,8
2363,8
2785,8
1353,8
2813,8
2811,8
1349,8
3110,8
1247,8
2792,8
2076,8
3079,8
1818,8
3494,8
1137,8
2063,8
1473,8
1230,8
1135,8
2482,8
3746,8
1804,8
3095,8
2796,8
2066,8
1825,8
2485,8
1465,8
2047,8
1354,8
1233,8
1460,8
2825,8
3061,8
2819,8
3976,8
2473,8
3740,8
1459,8
2042,8
3051,8
1787,8
2334,8
2335,8
3469,8
1378,7
3987,7
3555,7
3597,7
1312,7
1582,7
2353,7
3449,7
2321,7
3369,7
3619,7
3464,7
2417,7
1477,7
1344,7
3565,7
2401,7
2512,7
1576,7
2423,7
1393,7
2585,7
3659,7
3460,7
3621,7
1395,7
3993,7
2330,7
3571,7
3653,7
1340,7
1005,7
1006,7
1498,7
2428,7
3478,7
2505,7
2509,7
2496,7
3422,7
1414,7
3374,7
3404,7
2454,7
2455,7
1431,7
3500,7
2292,7
3605,7
3430,7
1517,7
2461,7
1436,7
3466,7
1020,7
1428,7
3646,7
2541,7
3524,7
3610,7
3414,7
2462,7
3425,7
3419,7
1456,7
1452,7
3513,7
2549,7
3648,7
2570,7
2391,7
3447,7
2396,7
3598,7
2320,7
1367,7
1029,7
1411,7
1506,7
1052,7
1051,7
3443,7
2287,7
1516,7
3388,7
3389,7
3440,7
1317,7
1418,7
1472,7
2319,7
1515,7
1048,7
3947,7
2291,7
3467,7
2670,7
2777,7
3756,7
3084,7
2807,7
3850,7
2810,7
3076,7
2051,7
3847,7
2817,7
3067,7
3064,7
3059,7
1768,7
1831,7
1145,7
2827,7
2035,7
2033,7
2027,7
3043,7
2021,7
1846,7
1149,7
2064,7
3086,7
2070,7
2798,7
2117,7
2112,7
2752,7
2756,7
2100,7
3130,7
1125,7
2771,7
2772,7
2774,7
2778,7
3117,7
2779,7
2783,7
3113,7
1127,7
2081,7
3100,7
3097,7
1809,7
3092,7
1227,7
3027,7
3774,7
1912,7
1919,7
1172,7
2952,7
1967,7
1966,7
1924,7
1931,7
3820,7
3805,7
1963,7
1960,7
1190,7
2905,7
1188,7
1946,7
2928,7
1179,7
2908,7
1175,7
2918,7
1953,7
3794,7
2965,7
3776,7
2884,7
3013,7
1869,7
2856,7
3777,7
1220,7
2003,7
1219,7
1212,7
3784,7
1159,7
3830,7
1991,7
1986,7
1981,7
1902,7
1905,7
2977,7
1980,7
1207,7
1909,7
3793,7
2744,7
2411,7
3730,7
3205,7
1764,7
3686,7
2172,7
2170,7
3289,7
3232,7
1699,7
1700,7
1638,7
3891,7
2631,7
2695,7
3217,7
2696,7
3302,7
3708,7
3208,7
1693,7
3283,7
2175,7
2663,7
3907,7
3270,7
2658,7
3263,7
1665,7
1655,7
3260,7
3280,7
3898,7
2665,7
3253,7
1095,7
2186,7
3281,7
3282,7
3239,7
2415,7
1707,7
2628,7
1261,7
2223,7
2236,7
2608,7
3669,7
1596,7
3173,7
2602,7
1758,7
3878,7
3165,7
1304,7
1260,7
2732,7
3159,7
3873,7
2594,7
2232,7
1264,7
3717,7
3718,7
2155,7
1292,7
3318,7
3883,7
2144,7
3321,7
1657,7
1743,7
2143,7
1295,6
1062,6
1286,6
1050,6
3909,6
3985,6
1373,6
3915,6
3998,6
3916,6
1195,6
3819,6
3940,6
3937,6
1066,6
1205,6
1165,6
3811,6
1191,6
3951,6
3788,6
1263,6
3618,6
1242,6
1246,6
1030,6
1348,6
3957,6
1111,6
3722,6
3663,6
3617,6
3860,6
1336,6
1112,6
1122,6
3962,6
3725,6
1337,6
3732,6
3749,6
1269,6
1091,6
3843,6
3588,6
1093,6
1278,6
1158,6
1155,6
3767,6
3977,6
3842,6
1326,6
3709,6
3895,6
1143,6
3846,6
3894,6
3893,6
1237,6
3614,6
1024,6
1060,6
2500,6
2053,6
1723,6
3246,6
3234,6
2573,6
2941,6
1703,6
3218,6
1705,6
2130,6
2132,6
1938,6
2588,6
2138,6
2247,6
2139,6
1741,6
2244,6
2959,6
2242,6
2736,6
1684,6
1752,6
1654,6
3297,6
2740,6
1644,6
1948,6
2690,6
1947,6
3286,6
1653,6
3276,6
3254,6
2932,6
1660,6
2558,6
1941,6
3265,6
2565,6
3257,6
3256,6
1744,6
1754,6
3310,6
3052,6
1822,6
2646,6
1874,6
2650,6
3063,6
3060,6
3058,6
3006,6
2166,6
2159,6
3045,6
3042,6
2674,6
2187,6
2183,6
2682,6
1865,6
1859,6
2700,6
3096,6
2237,6
2972,6
3170,6
3163,6
2145,6
3157,6
2961,6
3150,6
3148,6
2970,6
1781,6
2640,6
3129,6
1785,6
1907,6
2711,6
3114,6
1798,6
2220,6
2636,6
2920,6
2926,6
3312,6
1510,6
3501,6
2843,6
2010,6
3490,6
1476,6
3484,6
2065,6
2392,6
2450,6
2458,6
2001,6
3320,6
3458,6
3456,6
2371,6
1508,6
3439,6
2399,6
2430,6
3507,6
2406,6
1390,6
1396,6
2037,6
3569,6
2031,6
1404,6
1407,6
3542,6
3508,6
3536,6
3534,6
1432,6
1443,6
2019,6
1453,6
2841,6
2365,6
2374,6
3365,6
3354,6
3373,6
3368,6
2874,6
2098,6
2763,6
3358,6
2516,6
1578,6
3349,6
2770,6
3348,6
1590,6
1597,6
2526,6
2917,6
2743,6
2123,6
2304,6
2767,6
2688,6
2347,6
1537,6
3396,6
2892,6
2492,6
2093,6
2479,6
2362,6
3407,6
1535,6
1139,5
1096,5
2731,5
2167,5
1097,5
2784,5
1130,5
2809,5
2128,5
2694,5
2055,5
2120,5
2715,5
2103,5
1101,5
2084,5
2075,5
2165,5
2148,5
1126,5
2801,5
2713,5
3884,5
2096,5
2086,5
3585,5
2687,5
2328,5
2484,5
3968,5
2493,5
2504,5
1032,5
2332,5
2322,5
3973,5
2519,5
2314,5
2529,5
2306,5
3953,5
2542,5
2478,5
2477,5
2298,5
2404,5
2416,5
2409,5
1002,5
3994,5
2425,5
2426,5
2397,5
2472,5
2436,5
1011,5
1012,5
3982,5
2385,5
1019,5
2299,5
2551,5
2189,5
2643,5
2623,5
2626,5
2222,5
2215,5
1079,5
1081,5
2648,5
1072,5
1084,5
2653,5
2202,5
2662,5
2199,5
2671,5
2615,5
2230,5
2290,5
2270,5
3946,5
2289,5
2276,5
2568,5
2571,5
3938,5
2586,5
1071,5
2589,5
2591,5
2599,5
2815,5
3926,5
1070,5
2603,5
1913,5
2050,5
3322,5
1658,5
3277,5
1645,5
1287,5
3681,5
1288,5
1633,5
3325,5
2821,5
3327,5
3670,5
3332,5
3665,5
1581,5
3356,5
3360,5
1661,5
3266,5
3258,5
3699,5
3162,5
1755,5
3183,5
3185,5
3186,5
3715,5
3714,5
1734,5
1268,5
1733,5
3197,5
1710,5
3222,5
3703,5
3247,5
3361,5
1313,5
1314,5
3624,5
1487,5
3476,5
3477,5
3496,5
1468,5
3613,5
1463,5
1454,5
3521,5
1364,5
1415,5
1410,5
1403,5
1397,5
1381,5
1347,5
3472,5
1562,5
1488,5
1558,5
1557,5
1549,5
3405,5
3644,5
3411,5
3413,5
3431,5
3437,5
3637,5
1328,5
3634,5
3442,5
3459,5
1496,5
1255,5
3152,5
3145,5
2909,5
1951,5
1177,5
2924,5
1945,5
2939,5
3803,5
1929,5
2950,5
1920,5
1914,5
3797,5
2960,5
3590,5
1908,5
2981,5
2912,5
2899,5
1897,5
1173,5
2041,5
2024,5
2023,5
2851,5
3835,5
2852,5
2005,5
2865,5
1992,5
1979,5
1978,5
2891,5
3824,5
2893,5
3822,5
2983,5
1210,5
3144,5
3760,5
1827,5
3066,5
1824,5
3752,5
3083,5
1812,5
3748,5
3099,5
3101,5
3103,5
1803,5
3120,5
3121,5
1779,5
3142,5
1236,5
3761,5
1893,5
3050,5
1876,5
1213,5
1873,5
3007,5
1872,5
3010,5
3015,5
3018,5
1226,5
3026,5
3028,5
3769,5
1850,5
3035,5
3048,5
1720,5
